chunk_id,doc_id,chunk_text,effective_date,exported_at
policy_refund_v4_1_0655e373028a71f6,policy_refund_v4,Yêu cầu hoàn tiền được chấp nhận trong vòng 7 ngày làm việc kể từ xác nhận đơn. [cleaned: stale_refund_window],2025-03-14,2026-04-06T00:00:00
it_helpdesk_faq_2_b49d2cb54042efb2,it_helpdesk_faq,Tài khoản bị khóa sau 5 lần đăng nhập sai liên tiếp.,2025-08-30,2026-04-07T00:00:00
sla_p1_2026_3_ab622211ba880896,sla_p1_2026,Ticket P1 có SLA phản hồi ban đầu 15 phút và resolution trong 4 giờ.,2025-07-15,2026-04-04T00:00:00
policy_refund_v4_4_804bf57cfc9b4d4c,policy_refund_v4,Yêu cầu được gửi trong vòng 7 ngày làm việc kể từ thời điểm xác nhận đơn hàng.,2026-03-30,2026-04-02T00:00:00
policy_refund_v4_5_e635e3a983bea076,policy_refund_v4,Yêu cầu được gửi trong vòng 7 ngày làm việc làm việc làm việc kể từ thời điểm xác nhận đơn hàng.,2025-12-14,2026-04-03T00:00:00
policy_refund_v4_6_abaf56c5c607ef86,policy_refund_v4,Yêu cầu được gửi trong vòng 7 ngày làm việc kể từ thời điểm xác nhận đơn hàng. Yêu cầu được gửi trong vòng 7 ngày làm việc kể từ thời điểm xác nhận đơn hàng. Yêu cầu được gửi trong vòng 7 ngày làm việc kể từ thời điểm xác nhận đơn hàng. Yêu cầu được gửi trong vòng 7 ngày làm việc kể từ thời điểm xác nhận đơn hàng. Yêu cầu được gửi trong vòng 7 ngày làm việc kể từ thời điểm xác nhận đơn hàng.,2025-02-19,2026-04-07T00:00:00
hr_leave_policy_7_5b403fd4b8ed7564,hr_leave_policy,Nội dung không rõ ràng: Nhân viên dưới 3 năm kinh nghiệm được 12 ngày phép năm theo chính sách 2026.,2026-01-11,2026-04-07T00:00:00
it_helpdesk_faq_8_718ed81c469801ed,it_helpdesk_faq,Tài khoản bị khóa sau 5 lần đăng nhập sai liên tiếp. Chú ý: effective_date không đồng nhất giữa các nguồn.,2025-02-24,2026-04-05T00:00:00
policy_refund_v4_9_647ebff54a6917da,policy_refund_v4,Nội dung không rõ ràng: Yêu cầu hoàn tiền được chấp nhận trong vòng 7 ngày làm việc kể từ xác nhận đơn. [cleaned: stale_refund_window],2025-07-10,2026/04/07T00:00:00
sla_p1_2026_10_c9e0c512858282e6,sla_p1_2026,Nội dung không rõ ràng: !!!Ticket P1 có SLA phản hồi ban đầu 15 phút và resolution trong 4 giờ.,2025-11-17,2026-04-06T00:00:00
it_helpdesk_faq_11_ed5089371a7bbc5e,it_helpdesk_faq,FAQ bổ sung: đổi mật khẩu qua portal self-service có thể mất tối đa 24 giờ để đồng bộ toàn hệ thống.,2025-05-29,2026-04-08T00:00:00
policy_refund_v4_12_7e18a8dd9e399532,policy_refund_v4,!!!Yêu cầu hoàn tiền được chấp nhận trong vòng 7 ngày làm việc kể từ xác nhận đơn. [cleaned: stale_refund_window],2025-04-01,2026-04-07T00:00:00
policy_refund_v4_13_84dc53a96e485caa,policy_refund_v4,Yêu cầu được gửi trong vòng 7 ngày làm việc làm việc kể từ thời điểm xác nhận đơn hàng.,2025-11-24,2026-04-06T00:00:00
sla_p1_2026_14_d021187cbaa9e845,sla_p1_2026,Nội dung không rõ ràng: Ticket P1 có SLA phản hồi ban đầu 15 phút và resolution trong 4 giờ.,2025-01-18,2026-04-01T00:00:00
it_helpdesk_faq_15_d84975a6ad94c104,it_helpdesk_faq,Nội dung không rõ ràng: Tài khoản bị khóa sau 5 lần đăng nhập sai liên tiếp.,2026-01-04,2026/04/02T00:00:00
it_helpdesk_faq_16_32eb3fac63176132,it_helpdesk_faq,Nội dung không rõ ràng: FAQ bổ sung: đổi mật khẩu qua portal self-service có thể mất tối đa 24 giờ để đồng bộ toàn hệ thống.,2026-01-15,2026-04-08T00:00:00
policy_refund_v4_17_24c5dc725a0562fd,policy_refund_v4,Nội dung không rõ ràng:,2025-10-31,2026-04-11T00:00:00
policy_refund_v4_18_c05575d61d1ffa08,policy_refund_v4,Yêu cầu được gửi trong vòng 7 ngày làm việc kể từ thời điểm xác nhận đơn hàng. Nội dung có thể bị trùng do sync lại dữ liệu.,2025-10-26,2026-04-02T00:00:00
access_control_sop_19_81000621a7f1313f,access_control_sop,Level 4 Admin Access yêu cầu phê duyệt bởi IT Manager và CISO. Thời gian xử lý: 5 ngày làm việc. Yêu cầu thêm: training bắt buộc về security policy.,2026-01-01,2026-04-08T00:00:00
access_control_sop_20_425e6a57925a5dc7,access_control_sop,Quyền Standard Access (Level 2) được xử lý trong 2 ngày làm việc sau khi Line Manager và IT Admin phê duyệt.,2026-01-01,2026-04-08T00:00:00
access_control_sop_21_576e5b9172dd0a3e,access_control_sop,Level 1 Read Only: phê duyệt bởi Line Manager. Thời gian xử lý: 1 ngày làm việc. Áp dụng cho nhân viên mới 30 ngày đầu.,2026-01-01,2026-04-09T00:00:00
access_control_sop_22_b380326f8ee42cb1,access_control_sop,Level 3 Elevated Access: phê duyệt bởi Line Manager + IT Admin + IT Security. Thời gian xử lý: 3 ngày làm việc.,2026-01-01,2026-04-09T00:00:00
access_control_sop_23_9bda616c6730fb91,access_control_sop,Escalation khẩn cấp: On-call IT Admin cấp quyền tạm thời max 24 giờ sau khi được Tech Lead phê duyệt.,2026-01-01,2026-04-10T00:00:00
access_control_sop_24_77e25b5e3b1e1978,access_control_sop,IT Security thực hiện access review mỗi 6 tháng. Bất thường báo cáo lên CISO trong 24 giờ.,2025-03-25,2026-04-07T00:00:00
policy_refund_v4_25_2830b467f4ff6d5c,policy_refund_v4,"Ngoại lệ không được hoàn tiền: sản phẩm thuộc danh mục hàng kỹ thuật số (license key, subscription). Đơn hàng đã áp dụng mã giảm giá Flash Sale cũng không được hoàn.",2026-02-01,2026-04-08T00:00:00
policy_refund_v4_26_8b0e7bb4bb87c1bd,policy_refund_v4,Finance Team xử lý hoàn tiền trong 3-5 ngày làm việc và thông báo kết quả cho khách hàng.,2026-02-01,2026-04-09T00:00:00
policy_refund_v4_27_ebde4ea4078715da,policy_refund_v4,CS Agent xem xét yêu cầu hoàn tiền trong vòng 1 ngày làm việc và xác nhận đủ điều kiện.,2026-02-01,2026-04-08T00:00:00
policy_refund_v4_28_c90b0a546a883a82,policy_refund_v4,Email liên hệ nội bộ cho chính sách hoàn tiền: cs-refund@company.internal. Hotline nội bộ: ext. 1234.,2026-02-01,2026-04-09T00:00:00
policy_refund_v4_29_47dc1a049e11c8ba,policy_refund_v4,Hoàn tiền qua phương thức thanh toán gốc hoặc store credit với giá trị 110% so với số tiền hoàn.,2026-02-01,2026-04-10T00:00:00
sla_p1_2026_30_aa9e73b47e03c0e5,sla_p1_2026,Escalation P1: tự động escalate lên Senior Engineer nếu không có phản hồi trong 10 phút. Nếu không có phản hồi với ticket P1 sau 10 phút thì hệ thống auto escalate lên Senior Engineer.,2026-01-15,2026-04-09T00:00:00
sla_p1_2026_31_a367f1eafb0acccf,sla_p1_2026,Thông báo stakeholder P1: update mỗi 30 phút cho đến khi resolve.,2026-01-15,2026-04-08T00:00:00
sla_p1_2026_32_277a5eceb8cb5678,sla_p1_2026,Kênh thông báo sự cố P1: Slack #incident-p1 và email incident@company.internal. PagerDuty tự động nhắn on-call.,2026-01-15,2026-04-10T00:00:00
sla_p1_2026_33_eb6b7f32afd30c0f,sla_p1_2026,Ticket P2: phản hồi ban đầu 2 giờ và resolution 1 ngày làm việc. Escalation sau 90 phút không phản hồi.,2026-01-15,2026-04-08T00:00:00
it_helpdesk_faq_34_39ea86289334803c,it_helpdesk_faq,VPN: mỗi tài khoản được kết nối tối đa 2 thiết bị cùng lúc. Phần mềm sử dụng: Cisco AnyConnect.,2026-01-20,2026-04-09T00:00:00
it_helpdesk_faq_35_fa9fdbfe5c118015,it_helpdesk_faq,Mật khẩu phải được thay đổi mỗi 90 ngày. Hệ thống nhắc nhở 7 ngày trước khi hết hạn.,2026-01-20,2026-04-08T00:00:00
it_helpdesk_faq_36_ad0fac6bfd95fd91,it_helpdesk_faq,Quên mật khẩu: truy cập SSO portal hoặc liên hệ Helpdesk ext. 9000. Mật khẩu mới gửi qua email trong vòng 5 phút.,2026-01-20,2026-04-10T00:00:00
it_helpdesk_faq_37_c91be0b9c6753abc,it_helpdesk_faq,Dung lượng hộp thư tiêu chuẩn là 50GB. Nếu đầy có thể xóa email cũ hoặc yêu cầu tăng dung lượng qua ticket IT-ACCESS.,2026-01-20,2026-04-09T00:00:00
it_helpdesk_faq_38_79c167e9e1be08d8,it_helpdesk_faq,Laptop mới được cấp trong ngày onboarding đầu tiên. Liên hệ HR hoặc IT Admin nếu có vấn đề.,2026-01-20,2026-04-08T00:00:00
hr_leave_policy_39_cb32da2ec020a25a,hr_leave_policy,Nhân viên từ 3 đến 5 năm kinh nghiệm được 15 ngày phép năm theo chính sách 2026.,2026-01-01,2026-04-09T00:00:00
hr_leave_policy_40_1332adc7a9b55c8f,hr_leave_policy,Nhân viên trên 5 năm kinh nghiệm được 18 ngày phép năm theo chính sách 2026.,2026-01-01,2026-04-10T00:00:00
hr_leave_policy_41_a500ea9309f27cae,hr_leave_policy,Nghỉ ốm: 10 ngày/năm có trả lương. Cần giấy tờ y tế nếu nghỉ trên 3 ngày liên tiếp.,2026-01-01,2026-04-08T00:00:00
hr_leave_policy_42_dbc5bb8b35411b89,hr_leave_policy,Tối đa 5 ngày phép năm chưa dùng được chuyển sang năm tiếp theo.,2026-01-01,2026-04-09T00:00:00
hr_leave_policy_43_4ec0465e5758d9b2,hr_leave_policy,Remote work: sau probation tối đa 2 ngày/tuần. Ngày onsite bắt buộc: Thứ 3 và Thứ 5.,2026-01-01,2026-04-10T00:00:00
hr_leave_policy_44_db70d809feefe1c5,hr_leave_policy,Nhân viên dưới 3 năm kinh nghiệm được 12 ngày phép năm theo chính sách 2026.,2026-01-01,2026-04-11T00:00:00
